observable,tolerance,value
Neff,1e-06,3.0439772985579183
YPBBN,1e-06,0.24700536949550791
DoH,1e-06,2.434978322793412e-05
He3oH,1e-06,1.0398017956158012e-05
Li7oH,1e-06,5.560357444993376e-10
Neff,1e-07,3.0439772985579183
YPBBN,1e-07,0.24700576024756277
DoH,1e-07,2.435053614262859e-05
He3oH,1e-07,1.0398101923559315e-05
Li7oH,1e-07,5.560201537691593e-10
Neff,1e-08,3.0439772985579183
YPBBN,1e-08,0.24700550258964718
DoH,1e-08,2.435037660210798e-05
He3oH,1e-08,1.0398077763516481e-05
Li7oH,1e-08,5.560240388117236e-10
Neff,1e-09,3.0439772985579183
YPBBN,1e-09,0.24700554853662837
DoH,1e-09,2.4350368787807227e-05
He3oH,1e-09,1.0398075995278893e-05
Li7oH,1e-09,5.560245286042154e-10

observable,eps_i,eps_i+1,Delta_X,rel_change_R
Neff,1e-06,1e-07,0.0,0.0
YPBBN,1e-06,1e-07,-3.907520548518395e-07,1.5819552323808411e-06
DoH,1e-06,1e-07,-7.529146944714469e-10,3.0919840534984266e-05
He3oH,1e-06,1e-07,-8.396740130322189e-11,8.075262381586608e-06
Li7oH,1e-06,1e-07,1.559073017834809e-14,2.803986523269233e-05
Neff,1e-07,1e-08,0.0,0.0
YPBBN,1e-07,1e-08,2.5765791558662876e-07,1.043126217372892e-06
DoH,1e-07,1e-08,1.595405206091026e-10,6.551870766355678e-06
He3oH,1e-07,1e-08,2.4160042834004965e-11,2.323510497178123e-06
Li7oH,1e-07,1e-08,-3.885042564375192e-15,6.987184533744078e-06
Neff,1e-08,1e-09,0.0,0.0
YPBBN,1e-08,1e-09,-4.594698119197993e-08,1.8601598815974155e-07
DoH,1e-08,1e-09,7.81430075405239e-12,3.209109817657129e-07
He3oH,1e-08,1e-09,1.7682375881436854e-12,1.7005430513746293e-07
Li7oH,1e-08,1e-09,-4.897924917252175e-16,8.808828865063566e-07
